scenario,repeat_seed,model,n_train,n_test,split_stratification_mode,accuracy,precision,recall,f1,roc_auc,pr_auc
scenario1_majority_ct_only,100,Logistic Regression,157,43,target_plus_cohort,0.7441860465116279,0.7222222222222222,0.6842105263157895,0.7027027027027027,0.8771929824561404,0.8808168767107059
scenario1_majority_ct_only,100,Random Forest,157,43,target_plus_cohort,0.6744186046511628,0.6666666666666666,0.5263157894736842,0.5882352941176471,0.8092105263157895,0.7823494294834199
scenario1_majority_ct_only,100,Gradient Boosting,157,43,target_plus_cohort,0.5813953488372093,0.5454545454545454,0.3157894736842105,0.4,0.6359649122807016,0.6645093516039022
scenario1_majority_ct_only,100,SVM (RBF),157,43,target_plus_cohort,0.6744186046511628,0.6666666666666666,0.5263157894736842,0.5882352941176471,0.7763157894736842,0.7716000603336832
scenario1_majority_ct_only,101,Logistic Regression,155,45,target_plus_cohort,0.5777777777777777,0.5294117647058824,0.45,0.4864864864864865,0.732,0.7334352027691593
scenario1_majority_ct_only,101,Random Forest,155,45,target_plus_cohort,0.6,0.55,0.55,0.55,0.688,0.6494609598490483
scenario1_majority_ct_only,101,Gradient Boosting,155,45,target_plus_cohort,0.6,0.5454545454545454,0.6,0.5714285714285714,0.6499999999999999,0.6426230653090907
scenario1_majority_ct_only,101,SVM (RBF),155,45,target_plus_cohort,0.6444444444444445,0.6,0.6,0.6,0.738,0.7246619347186498
scenario1_majority_ct_only,102,Logistic Regression,159,41,target_plus_cohort,0.5609756097560976,0.5,0.3333333333333333,0.4,0.5893719806763286,0.6330670636072115
scenario1_majority_ct_only,102,Random Forest,159,41,target_plus_cohort,0.6097560975609756,0.6,0.3333333333333333,0.42857142857142855,0.6908212560386473,0.6783925701496696
scenario1_majority_ct_only,102,Gradient Boosting,159,41,target_plus_cohort,0.6341463414634146,0.6153846153846154,0.4444444444444444,0.5161290322580645,0.6884057971014492,0.6436533742693163
scenario1_majority_ct_only,102,SVM (RBF),159,41,target_plus_cohort,0.6585365853658537,0.6666666666666666,0.4444444444444444,0.5333333333333333,0.6002415458937198,0.6553336655554859
scenario1_majority_ct_only,103,Logistic Regression,157,43,target_plus_cohort,0.7674418604651163,0.7368421052631579,0.7368421052631579,0.7368421052631579,0.7631578947368421,0.7361626542910018
scenario1_majority_ct_only,103,Random Forest,157,43,target_plus_cohort,0.627906976744186,0.5882352941176471,0.5263157894736842,0.5555555555555556,0.6820175438596491,0.6079529472319282
scenario1_majority_ct_only,103,Gradient Boosting,157,43,target_plus_cohort,0.5813953488372093,0.5263157894736842,0.5263157894736842,0.5263157894736842,0.5855263157894737,0.6114873654390043
scenario1_majority_ct_only,103,SVM (RBF),157,43,target_plus_cohort,0.6744186046511628,0.6470588235294118,0.5789473684210527,0.6111111111111112,0.7105263157894737,0.7137939917237246
scenario1_majority_ct_only,104,Logistic Regression,162,38,target_plus_cohort,0.7894736842105263,0.7272727272727273,0.8888888888888888,0.8,0.9027777777777779,0.8926919993586662
scenario1_majority_ct_only,104,Random Forest,162,38,target_plus_cohort,0.7368421052631579,0.6818181818181818,0.8333333333333334,0.75,0.8333333333333334,0.7874634602678978
scenario1_majority_ct_only,104,Gradient Boosting,162,38,target_plus_cohort,0.7105263157894737,0.6842105263157895,0.7222222222222222,0.7027027027027027,0.7861111111111112,0.7234360146491656
scenario1_majority_ct_only,104,SVM (RBF),162,38,target_plus_cohort,0.7105263157894737,0.7058823529411765,0.6666666666666666,0.6857142857142857,0.8333333333333334,0.8090907648995885
scenario1_majority_ct_only,105,Logistic Regression,158,42,target_plus_cohort,0.6904761904761905,0.75,0.47368421052631576,0.5806451612903226,0.7185354691075515,0.6867147534957556
scenario1_majority_ct_only,105,Random Forest,158,42,target_plus_cohort,0.7142857142857143,0.7058823529411765,0.631578947368421,0.6666666666666666,0.7643020594965675,0.7901783188700364
scenario1_majority_ct_only,105,Gradient Boosting,158,42,target_plus_cohort,0.6904761904761905,0.7142857142857143,0.5263157894736842,0.6060606060606061,0.6453089244851259,0.7052008645274899
scenario1_majority_ct_only,105,SVM (RBF),158,42,target_plus_cohort,0.6904761904761905,0.7142857142857143,0.5263157894736842,0.6060606060606061,0.6933638443935928,0.6668712906964214
scenario1_majority_ct_only,106,Logistic Regression,158,42,target_plus_cohort,0.6428571428571429,0.625,0.5263157894736842,0.5714285714285714,0.7505720823798626,0.7287117315080276
scenario1_majority_ct_only,106,Random Forest,158,42,target_plus_cohort,0.5952380952380952,0.5714285714285714,0.42105263157894735,0.48484848484848486,0.7299771167048055,0.6149661767541024
scenario1_majority_ct_only,106,Gradient Boosting,158,42,target_plus_cohort,0.5476190476190477,0.5,0.3157894736842105,0.3870967741935484,0.5812356979405034,0.5356605736728222
scenario1_majority_ct_only,106,SVM (RBF),158,42,target_plus_cohort,0.6666666666666666,0.7272727272727273,0.42105263157894735,0.5333333333333333,0.7299771167048055,0.6648723000057859
scenario1_majority_ct_only,107,Logistic Regression,158,42,target_plus_cohort,0.7857142857142857,0.7368421052631579,0.7777777777777778,0.7567567567567568,0.8171296296296297,0.8127634579967574
scenario1_majority_ct_only,107,Random Forest,158,42,target_plus_cohort,0.6428571428571429,0.5714285714285714,0.6666666666666666,0.6153846153846154,0.6921296296296297,0.5690061496358328
scenario1_majority_ct_only,107,Gradient Boosting,158,42,target_plus_cohort,0.5952380952380952,0.5238095238095238,0.6111111111111112,0.5641025641025641,0.6319444444444444,0.5258905463151387
scenario1_majority_ct_only,107,SVM (RBF),158,42,target_plus_cohort,0.6428571428571429,0.5789473684210527,0.6111111111111112,0.5945945945945946,0.7268518518518517,0.684784271759863
scenario1_majority_ct_only,108,Logistic Regression,159,41,target_plus_cohort,0.7317073170731707,0.875,0.4117647058823529,0.56,0.698529411764706,0.7183246698995585
scenario1_majority_ct_only,108,Random Forest,159,41,target_plus_cohort,0.6097560975609756,0.5333333333333333,0.47058823529411764,0.5,0.6862745098039216,0.6250607879146739
scenario1_majority_ct_only,108,Gradient Boosting,159,41,target_plus_cohort,0.5853658536585366,0.5,0.4117647058823529,0.45161290322580644,0.6078431372549019,0.5664984112993081
scenario1_majority_ct_only,108,SVM (RBF),159,41,target_plus_cohort,0.7073170731707317,0.6470588235294118,0.6470588235294118,0.6470588235294118,0.6666666666666666,0.7403667702595882
scenario1_majority_ct_only,109,Logistic Regression,161,39,target_plus_cohort,0.6410256410256411,0.8333333333333334,0.2777777777777778,0.4166666666666667,0.7804232804232805,0.7865865796612923
scenario1_majority_ct_only,109,Random Forest,161,39,target_plus_cohort,0.6923076923076923,0.75,0.5,0.6,0.8015873015873016,0.8007396125629289
scenario1_majority_ct_only,109,Gradient Boosting,161,39,target_plus_cohort,0.5897435897435898,0.6,0.3333333333333333,0.42857142857142855,0.6058201058201058,0.5379486261832472
scenario1_majority_ct_only,109,SVM (RBF),161,39,target_plus_cohort,0.6153846153846154,0.6666666666666666,0.3333333333333333,0.4444444444444444,0.6507936507936508,0.6583788593709948
scenario3_majority_ct_plus_demo,100,Logistic Regression,157,43,target_plus_cohort,0.6976744186046512,0.65,0.6842105263157895,0.6666666666666666,0.8179824561403508,0.8123972032765834
scenario3_majority_ct_plus_demo,100,Random Forest,157,43,target_plus_cohort,0.6744186046511628,0.6470588235294118,0.5789473684210527,0.6111111111111112,0.7807017543859649,0.7395572654899278
scenario3_majority_ct_plus_demo,100,Gradient Boosting,157,43,target_plus_cohort,0.5116279069767442,0.42857142857142855,0.3157894736842105,0.36363636363636365,0.6293859649122807,0.5770560404874439
scenario3_majority_ct_plus_demo,100,SVM (RBF),157,43,target_plus_cohort,0.6744186046511628,0.6666666666666666,0.5263157894736842,0.5882352941176471,0.7521929824561403,0.7822003842707275
scenario3_majority_ct_plus_demo,101,Logistic Regression,155,45,target_plus_cohort,0.8222222222222222,0.8,0.8,0.8,0.84,0.7914179587507972
scenario3_majority_ct_plus_demo,101,Random Forest,155,45,target_plus_cohort,0.6222222222222222,0.5789473684210527,0.55,0.5641025641025641,0.692,0.5955411456464272
scenario3_majority_ct_plus_demo,101,Gradient Boosting,155,45,target_plus_cohort,0.6444444444444445,0.6111111111111112,0.55,0.5789473684210527,0.73,0.7572635496619131
scenario3_majority_ct_plus_demo,101,SVM (RBF),155,45,target_plus_cohort,0.7111111111111111,0.7058823529411765,0.6,0.6486486486486487,0.746,0.7123237280862788
scenario3_majority_ct_plus_demo,102,Logistic Regression,159,41,target_plus_cohort,0.5853658536585366,0.5555555555555556,0.2777777777777778,0.37037037037037035,0.6207729468599034,0.5519006681808234
scenario3_majority_ct_plus_demo,102,Random Forest,159,41,target_plus_cohort,0.6585365853658537,0.75,0.3333333333333333,0.46153846153846156,0.6666666666666666,0.647512638624252
scenario3_majority_ct_plus_demo,102,Gradient Boosting,159,41,target_plus_cohort,0.5609756097560976,0.5,0.2222222222222222,0.3076923076923077,0.5821256038647343,0.5132614774214237
scenario3_majority_ct_plus_demo,102,SVM (RBF),159,41,target_plus_cohort,0.6097560975609756,0.6,0.3333333333333333,0.42857142857142855,0.608695652173913,0.598694203297698
scenario3_majority_ct_plus_demo,103,Logistic Regression,157,43,target_plus_cohort,0.7441860465116279,0.75,0.631578947368421,0.6857142857142857,0.7434210526315789,0.7108411485709041
scenario3_majority_ct_plus_demo,103,Random Forest,157,43,target_plus_cohort,0.6976744186046512,0.6666666666666666,0.631578947368421,0.6486486486486487,0.7192982456140351,0.6350600755205911
scenario3_majority_ct_plus_demo,103,Gradient Boosting,157,43,target_plus_cohort,0.627906976744186,0.6,0.47368421052631576,0.5294117647058824,0.6600877192982456,0.5957632185919193
scenario3_majority_ct_plus_demo,103,SVM (RBF),157,43,target_plus_cohort,0.6046511627906976,0.5714285714285714,0.42105263157894735,0.48484848484848486,0.6732456140350878,0.6451980221694831
scenario3_majority_ct_plus_demo,104,Logistic Regression,162,38,target_plus_cohort,0.7631578947368421,0.68,0.9444444444444444,0.7906976744186046,0.952777777777778,0.9578402706111686
scenario3_majority_ct_plus_demo,104,Random Forest,162,38,target_plus_cohort,0.7631578947368421,0.6956521739130435,0.8888888888888888,0.7804878048780488,0.8111111111111111,0.696121509695342
scenario3_majority_ct_plus_demo,104,Gradient Boosting,162,38,target_plus_cohort,0.7631578947368421,0.6956521739130435,0.8888888888888888,0.7804878048780488,0.8111111111111111,0.7465052366399564
scenario3_majority_ct_plus_demo,104,SVM (RBF),162,38,target_plus_cohort,0.7894736842105263,0.7083333333333334,0.9444444444444444,0.8095238095238095,0.8305555555555556,0.7500709217969279
scenario3_majority_ct_plus_demo,105,Logistic Regression,158,42,target_plus_cohort,0.7380952380952381,0.75,0.631578947368421,0.6857142857142857,0.8260869565217391,0.7875026979748736
scenario3_majority_ct_plus_demo,105,Random Forest,158,42,target_plus_cohort,0.7380952380952381,0.75,0.631578947368421,0.6857142857142857,0.7757437070938215,0.7842660140572852
scenario3_majority_ct_plus_demo,105,Gradient Boosting,158,42,target_plus_cohort,0.5952380952380952,0.5625,0.47368421052631576,0.5142857142857142,0.6109839816933639,0.6758957747360044
scenario3_majority_ct_plus_demo,105,SVM (RBF),158,42,target_plus_cohort,0.6666666666666666,0.6470588235294118,0.5789473684210527,0.6111111111111112,0.7528604118993135,0.7636141789881401
scenario3_majority_ct_plus_demo,106,Logistic Regression,158,42,target_plus_cohort,0.7380952380952381,0.7222222222222222,0.6842105263157895,0.7027027027027027,0.7482837528604119,0.7172950638507913
scenario3_majority_ct_plus_demo,106,Random Forest,158,42,target_plus_cohort,0.5714285714285714,0.5384615384615384,0.3684210526315789,0.4375,0.6864988558352403,0.5787723475943921
scenario3_majority_ct_plus_demo,106,Gradient Boosting,158,42,target_plus_cohort,0.5476190476190477,0.5,0.3684210526315789,0.42424242424242425,0.4851258581235698,0.4998042234799031
scenario3_majority_ct_plus_demo,106,SVM (RBF),158,42,target_plus_cohort,0.6666666666666666,0.7272727272727273,0.42105263157894735,0.5333333333333333,0.6430205949656751,0.6029868652871201
scenario3_majority_ct_plus_demo,107,Logistic Regression,158,42,target_plus_cohort,0.8095238095238095,0.7777777777777778,0.7777777777777778,0.7777777777777778,0.8634259259259259,0.8599454543468992
scenario3_majority_ct_plus_demo,107,Random Forest,158,42,target_plus_cohort,0.7380952380952381,0.6666666666666666,0.7777777777777778,0.717948717948718,0.7083333333333333,0.6277156245915035
scenario3_majority_ct_plus_demo,107,Gradient Boosting,158,42,target_plus_cohort,0.6904761904761905,0.6190476190476191,0.7222222222222222,0.6666666666666666,0.6967592592592593,0.6320495151301788
scenario3_majority_ct_plus_demo,107,SVM (RBF),158,42,target_plus_cohort,0.6904761904761905,0.6470588235294118,0.6111111111111112,0.6285714285714286,0.7499999999999999,0.6576807111802868
scenario3_majority_ct_plus_demo,108,Logistic Regression,159,41,target_plus_cohort,0.7560975609756098,0.8888888888888888,0.47058823529411764,0.6153846153846154,0.7965686274509804,0.811640164953769
scenario3_majority_ct_plus_demo,108,Random Forest,159,41,target_plus_cohort,0.6585365853658537,0.6153846153846154,0.47058823529411764,0.5333333333333333,0.6715686274509803,0.6362719370899053
scenario3_majority_ct_plus_demo,108,Gradient Boosting,159,41,target_plus_cohort,0.6585365853658537,0.6,0.5294117647058824,0.5625,0.7058823529411766,0.6902934186152179
scenario3_majority_ct_plus_demo,108,SVM (RBF),159,41,target_plus_cohort,0.7317073170731707,0.7142857142857143,0.5882352941176471,0.6451612903225806,0.7132352941176471,0.7668667426781017
scenario3_majority_ct_plus_demo,109,Logistic Regression,161,39,target_plus_cohort,0.6666666666666666,0.8571428571428571,0.3333333333333333,0.48,0.8624338624338624,0.8179645699253542
scenario3_majority_ct_plus_demo,109,Random Forest,161,39,target_plus_cohort,0.6153846153846154,0.8,0.2222222222222222,0.34782608695652173,0.783068783068783,0.752028689830267
scenario3_majority_ct_plus_demo,109,Gradient Boosting,161,39,target_plus_cohort,0.5897435897435898,0.5833333333333334,0.3888888888888889,0.4666666666666667,0.5740740740740741,0.5303088821509874
scenario3_majority_ct_plus_demo,109,SVM (RBF),161,39,target_plus_cohort,0.5128205128205128,0.42857142857142855,0.16666666666666666,0.24,0.6335978835978836,0.5936392232638362
scenario4_majority_demo_only,100,Logistic Regression,157,43,target_plus_cohort,0.5348837209302325,0.47368421052631576,0.47368421052631576,0.47368421052631576,0.6469298245614035,0.6260138547222618
scenario4_majority_demo_only,100,Random Forest,157,43,target_plus_cohort,0.4883720930232558,0.4117647058823529,0.3684210526315789,0.3888888888888889,0.493421052631579,0.5695450423821747
scenario4_majority_demo_only,100,Gradient Boosting,157,43,target_plus_cohort,0.46511627906976744,0.35714285714285715,0.2631578947368421,0.30303030303030304,0.42105263157894735,0.474878498456191
scenario4_majority_demo_only,100,SVM (RBF),157,43,target_plus_cohort,0.6511627906976745,0.7,0.3684210526315789,0.4827586206896552,0.5614035087719298,0.6638926726537168
scenario4_majority_demo_only,101,Logistic Regression,155,45,target_plus_cohort,0.7111111111111111,0.7692307692307693,0.5,0.6060606060606061,0.904,0.856350588583729
scenario4_majority_demo_only,101,Random Forest,155,45,target_plus_cohort,0.6444444444444445,0.75,0.3,0.42857142857142855,0.6720000000000002,0.6744367783428546
scenario4_majority_demo_only,101,Gradient Boosting,155,45,target_plus_cohort,0.5555555555555556,0.5,0.2,0.2857142857142857,0.52,0.5779290424043685
scenario4_majority_demo_only,101,SVM (RBF),155,45,target_plus_cohort,0.7111111111111111,0.7692307692307693,0.5,0.6060606060606061,0.652,0.6656079714010749
scenario4_majority_demo_only,102,Logistic Regression,159,41,target_plus_cohort,0.4634146341463415,0.25,0.1111111111111111,0.15384615384615385,0.5024154589371981,0.4534448591359161
scenario4_majority_demo_only,102,Random Forest,159,41,target_plus_cohort,0.43902439024390244,0.2222222222222222,0.1111111111111111,0.14814814814814814,0.4492753623188406,0.4242707148270496
scenario4_majority_demo_only,102,Gradient Boosting,159,41,target_plus_cohort,0.5365853658536586,0.47058823529411764,0.4444444444444444,0.45714285714285713,0.5386473429951691,0.5111532114028868
scenario4_majority_demo_only,102,SVM (RBF),159,41,target_plus_cohort,0.5609756097560976,0.5,0.2222222222222222,0.3076923076923077,0.6376811594202898,0.5274624295457628
scenario4_majority_demo_only,103,Logistic Regression,157,43,target_plus_cohort,0.5348837209302325,0.4,0.10526315789473684,0.16666666666666666,0.6557017543859649,0.5954394536356407
scenario4_majority_demo_only,103,Random Forest,157,43,target_plus_cohort,0.627906976744186,0.6666666666666666,0.3157894736842105,0.42857142857142855,0.6096491228070176,0.5390884178060849
scenario4_majority_demo_only,103,Gradient Boosting,157,43,target_plus_cohort,0.6744186046511628,0.6666666666666666,0.5263157894736842,0.5882352941176471,0.7171052631578947,0.649904139587968
scenario4_majority_demo_only,103,SVM (RBF),157,43,target_plus_cohort,0.5348837209302325,0.4444444444444444,0.21052631578947367,0.2857142857142857,0.4758771929824562,0.4623317995329118
scenario4_majority_demo_only,104,Logistic Regression,162,38,target_plus_cohort,0.6842105263157895,0.6363636363636364,0.7777777777777778,0.7,0.8861111111111111,0.8927425955686827
scenario4_majority_demo_only,104,Random Forest,162,38,target_plus_cohort,0.6052631578947368,0.5714285714285714,0.6666666666666666,0.6153846153846154,0.5527777777777778,0.5098332894474297
scenario4_majority_demo_only,104,Gradient Boosting,162,38,target_plus_cohort,0.5,0.47058823529411764,0.4444444444444444,0.45714285714285713,0.4777777777777778,0.45326523037554256
scenario4_majority_demo_only,104,SVM (RBF),162,38,target_plus_cohort,0.6842105263157895,0.65,0.7222222222222222,0.6842105263157895,0.7444444444444445,0.6464955693450317
scenario4_majority_demo_only,105,Logistic Regression,158,42,target_plus_cohort,0.6190476190476191,0.5652173913043478,0.6842105263157895,0.6190476190476191,0.702517162471396,0.652920754328201
scenario4_majority_demo_only,105,Random Forest,158,42,target_plus_cohort,0.4523809523809524,0.375,0.3157894736842105,0.34285714285714286,0.5881006864988558,0.5280641853808179
scenario4_majority_demo_only,105,Gradient Boosting,158,42,target_plus_cohort,0.4523809523809524,0.3333333333333333,0.21052631578947367,0.25806451612903225,0.391304347826087,0.41475245997866594
scenario4_majority_demo_only,105,SVM (RBF),158,42,target_plus_cohort,0.7142857142857143,0.6842105263157895,0.6842105263157895,0.6842105263157895,0.7459954233409611,0.7344843888869051
scenario4_majority_demo_only,106,Logistic Regression,158,42,target_plus_cohort,0.5952380952380952,0.5714285714285714,0.42105263157894735,0.48484848484848486,0.5766590389016018,0.549298070350702
scenario4_majority_demo_only,106,Random Forest,158,42,target_plus_cohort,0.5952380952380952,0.5714285714285714,0.42105263157894735,0.48484848484848486,0.5675057208237987,0.5313772119693172
scenario4_majority_demo_only,106,Gradient Boosting,158,42,target_plus_cohort,0.5476190476190477,0.5,0.3157894736842105,0.3870967741935484,0.5995423340961099,0.5929331354657741
scenario4_majority_demo_only,106,SVM (RBF),158,42,target_plus_cohort,0.5,0.45454545454545453,0.5263157894736842,0.4878048780487805,0.5125858123569793,0.4882876895342269
scenario4_majority_demo_only,107,Logistic Regression,158,42,target_plus_cohort,0.5952380952380952,0.5714285714285714,0.2222222222222222,0.32,0.8032407407407407,0.7175146512103034
scenario4_majority_demo_only,107,Random Forest,158,42,target_plus_cohort,0.5714285714285714,0.5,0.5,0.5,0.6388888888888888,0.6352161668781584
scenario4_majority_demo_only,107,Gradient Boosting,158,42,target_plus_cohort,0.6190476190476191,0.55,0.6111111111111112,0.5789473684210527,0.5555555555555555,0.4655956885123552
scenario4_majority_demo_only,107,SVM (RBF),158,42,target_plus_cohort,0.5952380952380952,0.5454545454545454,0.3333333333333333,0.41379310344827586,0.6319444444444444,0.5475948108026407
scenario4_majority_demo_only,108,Logistic Regression,159,41,target_plus_cohort,0.6829268292682927,0.6666666666666666,0.47058823529411764,0.5517241379310345,0.7549019607843137,0.7493182623617407
scenario4_majority_demo_only,108,Random Forest,159,41,target_plus_cohort,0.6341463414634146,0.5625,0.5294117647058824,0.5454545454545454,0.6225490196078431,0.5272654757775865
scenario4_majority_demo_only,108,Gradient Boosting,159,41,target_plus_cohort,0.4878048780487805,0.3888888888888889,0.4117647058823529,0.4,0.48039215686274506,0.4196703623174211
scenario4_majority_demo_only,108,SVM (RBF),159,41,target_plus_cohort,0.6341463414634146,0.5555555555555556,0.5882352941176471,0.5714285714285714,0.6421568627450981,0.6102771352947027
scenario4_majority_demo_only,109,Logistic Regression,161,39,target_plus_cohort,0.6153846153846154,0.6363636363636364,0.3888888888888889,0.4827586206896552,0.7433862433862434,0.7043564460231126
scenario4_majority_demo_only,109,Random Forest,161,39,target_plus_cohort,0.5641025641025641,0.5454545454545454,0.3333333333333333,0.41379310344827586,0.6375661375661376,0.583731511928443
scenario4_majority_demo_only,109,Gradient Boosting,161,39,target_plus_cohort,0.5128205128205128,0.46153846153846156,0.3333333333333333,0.3870967741935484,0.5687830687830688,0.5336599419932754
scenario4_majority_demo_only,109,SVM (RBF),161,39,target_plus_cohort,0.6153846153846154,0.6666666666666666,0.3333333333333333,0.4444444444444444,0.7195767195767195,0.648900379455935
scenario5_h3d_agree_ct_only,100,Logistic Regression,118,32,target_plus_cohort,0.84375,0.9,0.6923076923076923,0.782608695652174,0.874493927125506,0.894818010936432
scenario5_h3d_agree_ct_only,100,Random Forest,118,32,target_plus_cohort,0.78125,0.875,0.5384615384615384,0.6666666666666666,0.8704453441295547,0.8596764346764347
scenario5_h3d_agree_ct_only,100,Gradient Boosting,118,32,target_plus_cohort,0.71875,0.6428571428571429,0.6923076923076923,0.6666666666666666,0.7530364372469636,0.6545958742112588
scenario5_h3d_agree_ct_only,100,SVM (RBF),118,32,target_plus_cohort,0.78125,0.875,0.5384615384615384,0.6666666666666666,0.8218623481781376,0.8184620934620935
scenario5_h3d_agree_ct_only,101,Logistic Regression,119,31,target_plus_cohort,0.7419354838709677,1.0,0.38461538461538464,0.5555555555555556,0.8247863247863247,0.7843727351080292
scenario5_h3d_agree_ct_only,101,Random Forest,119,31,target_plus_cohort,0.8387096774193549,1.0,0.6153846153846154,0.7619047619047619,0.8547008547008548,0.8602112011319172
scenario5_h3d_agree_ct_only,101,Gradient Boosting,119,31,target_plus_cohort,0.7096774193548387,0.7,0.5384615384615384,0.6086956521739131,0.8290598290598291,0.8140005848984175
scenario5_h3d_agree_ct_only,101,SVM (RBF),119,31,target_plus_cohort,0.7096774193548387,1.0,0.3076923076923077,0.47058823529411764,0.8205128205128205,0.777379011399016
scenario5_h3d_agree_ct_only,102,Logistic Regression,122,28,target_plus_cohort,0.6428571428571429,0.5714285714285714,0.36363636363636365,0.4444444444444444,0.7165775401069518,0.6289953711006343
scenario5_h3d_agree_ct_only,102,Random Forest,122,28,target_plus_cohort,0.6428571428571429,0.5714285714285714,0.36363636363636365,0.4444444444444444,0.7005347593582887,0.6521079883308986
scenario5_h3d_agree_ct_only,102,Gradient Boosting,122,28,target_plus_cohort,0.6428571428571429,0.6,0.2727272727272727,0.375,0.7433155080213905,0.6107937470166571
scenario5_h3d_agree_ct_only,102,SVM (RBF),122,28,target_plus_cohort,0.5714285714285714,0.4444444444444444,0.36363636363636365,0.4,0.7112299465240641,0.6083266480993754
scenario5_h3d_agree_ct_only,103,Logistic Regression,119,31,target_plus_cohort,0.7096774193548387,0.7777777777777778,0.5,0.6086956521739131,0.7773109243697479,0.7812929277991388
scenario5_h3d_agree_ct_only,103,Random Forest,119,31,target_plus_cohort,0.7096774193548387,0.7777777777777778,0.5,0.6086956521739131,0.8361344537815126,0.797933726039316
scenario5_h3d_agree_ct_only,103,Gradient Boosting,119,31,target_plus_cohort,0.7096774193548387,0.7272727272727273,0.5714285714285714,0.64,0.8571428571428572,0.8254769040483325
scenario5_h3d_agree_ct_only,103,SVM (RBF),119,31,target_plus_cohort,0.6129032258064516,0.6666666666666666,0.2857142857142857,0.4,0.773109243697479,0.721049705307224
scenario5_h3d_agree_ct_only,104,Logistic Regression,120,30,target_plus_cohort,0.7,0.6153846153846154,0.6666666666666666,0.64,0.7546296296296297,0.7320241892610314
scenario5_h3d_agree_ct_only,104,Random Forest,120,30,target_plus_cohort,0.7333333333333333,0.6666666666666666,0.6666666666666666,0.6666666666666666,0.7916666666666666,0.6942888331475289
scenario5_h3d_agree_ct_only,104,Gradient Boosting,120,30,target_plus_cohort,0.7666666666666667,0.7272727272727273,0.6666666666666666,0.6956521739130435,0.7546296296296297,0.6616515429015429
scenario5_h3d_agree_ct_only,104,SVM (RBF),120,30,target_plus_cohort,0.8,0.8,0.6666666666666666,0.7272727272727273,0.7222222222222221,0.7215313621563622
scenario5_h3d_agree_ct_only,105,Logistic Regression,122,28,target_plus_cohort,0.5357142857142857,0.46153846153846156,0.5,0.48,0.6822916666666666,0.7052744708994709
scenario5_h3d_agree_ct_only,105,Random Forest,122,28,target_plus_cohort,0.5357142857142857,0.4666666666666667,0.5833333333333334,0.5185185185185185,0.6666666666666666,0.671577723532058
scenario5_h3d_agree_ct_only,105,Gradient Boosting,122,28,target_plus_cohort,0.5714285714285714,0.5,0.75,0.6,0.6458333333333333,0.6543284627166207
scenario5_h3d_agree_ct_only,105,SVM (RBF),122,28,target_plus_cohort,0.5357142857142857,0.46153846153846156,0.5,0.48,0.5885416666666666,0.5807478645272258
scenario5_h3d_agree_ct_only,106,Logistic Regression,122,28,target_plus_cohort,0.7857142857142857,1.0,0.5,0.6666666666666666,0.9270833333333334,0.9368908382066278
scenario5_h3d_agree_ct_only,106,Random Forest,122,28,target_plus_cohort,0.7857142857142857,0.875,0.5833333333333334,0.7,0.9375,0.9206390831390833
scenario5_h3d_agree_ct_only,106,Gradient Boosting,122,28,target_plus_cohort,0.8214285714285714,0.8888888888888888,0.6666666666666666,0.7619047619047619,0.9166666666666667,0.9140376984126984
scenario5_h3d_agree_ct_only,106,SVM (RBF),122,28,target_plus_cohort,0.75,0.7777777777777778,0.5833333333333334,0.6666666666666666,0.875,0.8476868651501005
scenario5_h3d_agree_ct_only,107,Logistic Regression,119,31,target_plus_cohort,0.7741935483870968,0.875,0.5384615384615384,0.6666666666666666,0.8632478632478632,0.8492627541540583
scenario5_h3d_agree_ct_only,107,Random Forest,119,31,target_plus_cohort,0.6774193548387096,0.6666666666666666,0.46153846153846156,0.5454545454545454,0.7991452991452992,0.7486437094560663
scenario5_h3d_agree_ct_only,107,Gradient Boosting,119,31,target_plus_cohort,0.7419354838709677,0.7272727272727273,0.6153846153846154,0.6666666666666666,0.7264957264957266,0.6397829678194051
scenario5_h3d_agree_ct_only,107,SVM (RBF),119,31,target_plus_cohort,0.7419354838709677,0.8571428571428571,0.46153846153846156,0.6,0.8461538461538461,0.8387509620246192
scenario5_h3d_agree_ct_only,108,Logistic Regression,118,32,target_plus_cohort,0.75,0.6428571428571429,0.75,0.6923076923076923,0.8666666666666667,0.8517223187266262
scenario5_h3d_agree_ct_only,108,Random Forest,118,32,target_plus_cohort,0.78125,0.6923076923076923,0.75,0.72,0.8625,0.8545514409101366
scenario5_h3d_agree_ct_only,108,Gradient Boosting,118,32,target_plus_cohort,0.71875,0.6,0.75,0.6666666666666666,0.7708333333333334,0.794241470534574
scenario5_h3d_agree_ct_only,108,SVM (RBF),118,32,target_plus_cohort,0.71875,0.6,0.75,0.6666666666666666,0.7541666666666667,0.7600888912483116
scenario5_h3d_agree_ct_only,109,Logistic Regression,119,31,target_plus_cohort,0.7741935483870968,0.8571428571428571,0.5,0.631578947368421,0.7631578947368421,0.7349937425198315
scenario5_h3d_agree_ct_only,109,Random Forest,119,31,target_plus_cohort,0.6774193548387096,0.625,0.4166666666666667,0.5,0.793859649122807,0.6776719679099711
scenario5_h3d_agree_ct_only,109,Gradient Boosting,119,31,target_plus_cohort,0.6129032258064516,0.5,0.4166666666666667,0.45454545454545453,0.7719298245614035,0.6955206568264349
scenario5_h3d_agree_ct_only,109,SVM (RBF),119,31,target_plus_cohort,0.7096774193548387,0.7142857142857143,0.4166666666666667,0.5263157894736842,0.7587719298245614,0.6738451363451364
scenario6_original_ct_plus_demo,100,Logistic Regression,158,42,target_plus_cohort,0.9285714285714286,1.0,0.85,0.918918918918919,0.9954545454545454,0.9954545454545456
scenario6_original_ct_plus_demo,100,Random Forest,158,42,target_plus_cohort,0.8809523809523809,1.0,0.75,0.8571428571428571,0.9681818181818183,0.9735754985754986
scenario6_original_ct_plus_demo,100,Gradient Boosting,158,42,target_plus_cohort,0.7857142857142857,1.0,0.55,0.7096774193548387,0.990909090909091,0.9909782608695653
scenario6_original_ct_plus_demo,100,SVM (RBF),158,42,target_plus_cohort,0.8571428571428571,0.9375,0.75,0.8333333333333334,0.9795454545454545,0.9791494668042657
scenario6_original_ct_plus_demo,101,Logistic Regression,155,45,target_plus_cohort,0.9111111111111111,0.95,0.8636363636363636,0.9047619047619048,0.9268774703557312,0.929479300642754
scenario6_original_ct_plus_demo,101,Random Forest,155,45,target_plus_cohort,0.8444444444444444,0.8571428571428571,0.8181818181818182,0.8372093023255814,0.8656126482213439,0.8738713048048468
scenario6_original_ct_plus_demo,101,Gradient Boosting,155,45,target_plus_cohort,0.7777777777777778,0.8333333333333334,0.6818181818181818,0.75,0.8596837944664033,0.8713866278509845
scenario6_original_ct_plus_demo,101,SVM (RBF),155,45,target_plus_cohort,0.8222222222222222,0.85,0.7727272727272727,0.8095238095238095,0.8675889328063241,0.8892923087333198
scenario6_original_ct_plus_demo,102,Logistic Regression,161,39,target_plus_cohort,0.7948717948717948,0.8235294117647058,0.7368421052631579,0.7777777777777778,0.8789473684210526,0.901624691098375
scenario6_original_ct_plus_demo,102,Random Forest,161,39,target_plus_cohort,0.8205128205128205,1.0,0.631578947368421,0.7741935483870968,0.7552631578947369,0.8379210690179815
scenario6_original_ct_plus_demo,102,Gradient Boosting,161,39,target_plus_cohort,0.7948717948717948,0.9230769230769231,0.631578947368421,0.75,0.7342105263157894,0.8191615548194493
scenario6_original_ct_plus_demo,102,SVM (RBF),161,39,target_plus_cohort,0.7692307692307693,0.9166666666666666,0.5789473684210527,0.7096774193548387,0.8157894736842104,0.8696453849606471
scenario6_original_ct_plus_demo,103,Logistic Regression,158,42,target_plus_cohort,0.7857142857142857,0.7391304347826086,0.85,0.7906976744186046,0.8818181818181818,0.857191939811135
scenario6_original_ct_plus_demo,103,Random Forest,158,42,target_plus_cohort,0.7619047619047619,0.7083333333333334,0.85,0.7727272727272727,0.8340909090909091,0.725288519523077
scenario6_original_ct_plus_demo,103,Gradient Boosting,158,42,target_plus_cohort,0.8571428571428571,0.8181818181818182,0.9,0.8571428571428571,0.8749999999999999,0.7629869770465746
scenario6_original_ct_plus_demo,103,SVM (RBF),158,42,target_plus_cohort,0.8333333333333334,0.76,0.95,0.8444444444444444,0.8022727272727274,0.7462626539740553
scenario6_original_ct_plus_demo,104,Logistic Regression,158,42,target_plus_cohort,0.8809523809523809,0.8947368421052632,0.85,0.8717948717948718,0.9409090909090909,0.9289641017736994
scenario6_original_ct_plus_demo,104,Random Forest,158,42,target_plus_cohort,0.7857142857142857,0.8235294117647058,0.7,0.7567567567567568,0.8727272727272728,0.8565098211817521
scenario6_original_ct_plus_demo,104,Gradient Boosting,158,42,target_plus_cohort,0.7857142857142857,0.7619047619047619,0.8,0.7804878048780488,0.8568181818181818,0.8186547765959531
scenario6_original_ct_plus_demo,104,SVM (RBF),158,42,target_plus_cohort,0.8809523809523809,0.9411764705882353,0.8,0.8648648648648649,0.9136363636363636,0.8865069896106423
scenario6_original_ct_plus_demo,105,Logistic Regression,159,41,target_plus_cohort,0.8780487804878049,0.8636363636363636,0.9047619047619048,0.8837209302325582,0.9738095238095238,0.9781378042247608
scenario6_original_ct_plus_demo,105,Random Forest,159,41,target_plus_cohort,0.8780487804878049,1.0,0.7619047619047619,0.8648648648648649,0.9714285714285713,0.9784289784289784
scenario6_original_ct_plus_demo,105,Gradient Boosting,159,41,target_plus_cohort,0.7804878048780488,0.875,0.6666666666666666,0.7567567567567568,0.9071428571428571,0.907625318151634
scenario6_original_ct_plus_demo,105,SVM (RBF),159,41,target_plus_cohort,0.8780487804878049,0.9444444444444444,0.8095238095238095,0.8717948717948718,0.9714285714285714,0.974570931713789
scenario6_original_ct_plus_demo,106,Logistic Regression,159,41,target_plus_cohort,0.7560975609756098,0.8125,0.65,0.7222222222222222,0.8214285714285715,0.8421052056893019
scenario6_original_ct_plus_demo,106,Random Forest,159,41,target_plus_cohort,0.6829268292682927,0.7058823529411765,0.6,0.6486486486486487,0.7428571428571429,0.6723160676791324
scenario6_original_ct_plus_demo,106,Gradient Boosting,159,41,target_plus_cohort,0.6585365853658537,0.6363636363636364,0.7,0.6666666666666666,0.6833333333333333,0.6958260129799836
scenario6_original_ct_plus_demo,106,SVM (RBF),159,41,target_plus_cohort,0.7560975609756098,0.7777777777777778,0.7,0.7368421052631579,0.7738095238095238,0.7623658062970218
scenario6_original_ct_plus_demo,107,Logistic Regression,159,41,target_plus_cohort,0.7073170731707317,0.6521739130434783,0.7894736842105263,0.7142857142857143,0.8133971291866029,0.7158557843057993
scenario6_original_ct_plus_demo,107,Random Forest,159,41,target_plus_cohort,0.8048780487804879,0.7619047619047619,0.8421052631578947,0.8,0.8110047846889952,0.7290497540787164
scenario6_original_ct_plus_demo,107,Gradient Boosting,159,41,target_plus_cohort,0.6829268292682927,0.625,0.7894736842105263,0.6976744186046512,0.8133971291866029,0.7481460753034431
scenario6_original_ct_plus_demo,107,SVM (RBF),159,41,target_plus_cohort,0.8048780487804879,0.7619047619047619,0.8421052631578947,0.8,0.8827751196172249,0.8547233814200572
scenario6_original_ct_plus_demo,108,Logistic Regression,159,41,target_plus_cohort,0.8292682926829268,0.782608695652174,0.9,0.8372093023255814,0.9095238095238096,0.9072648891082395
scenario6_original_ct_plus_demo,108,Random Forest,159,41,target_plus_cohort,0.7317073170731707,0.7368421052631579,0.7,0.717948717948718,0.8119047619047619,0.7121038351959958
scenario6_original_ct_plus_demo,108,Gradient Boosting,159,41,target_plus_cohort,0.8292682926829268,0.782608695652174,0.9,0.8372093023255814,0.8928571428571428,0.8709331190264694
scenario6_original_ct_plus_demo,108,SVM (RBF),159,41,target_plus_cohort,0.7560975609756098,0.75,0.75,0.75,0.8095238095238095,0.7568767656635305
scenario6_original_ct_plus_demo,109,Logistic Regression,159,41,target_plus_cohort,0.8536585365853658,0.8947368421052632,0.8095238095238095,0.85,0.9238095238095239,0.9186298577335119
scenario6_original_ct_plus_demo,109,Random Forest,159,41,target_plus_cohort,0.8780487804878049,0.9444444444444444,0.8095238095238095,0.8717948717948718,0.8738095238095238,0.8606163392131227
scenario6_original_ct_plus_demo,109,Gradient Boosting,159,41,target_plus_cohort,0.8292682926829268,0.7916666666666666,0.9047619047619048,0.8444444444444444,0.8904761904761904,0.8731712396548046
scenario6_original_ct_plus_demo,109,SVM (RBF),159,41,target_plus_cohort,0.8048780487804879,0.8421052631578947,0.7619047619047619,0.8,0.8666666666666667,0.9047812383438569
